CGGA_ID,Grade,Gender,Age_at_diagnosis,IDH1,TP53,ATRX,PTEN,EGFR,CIC,MUC16,PIK3CA,NF1,PIK3R1,FUBP1,RB1,NOTCH1,BCOR,CSMD3,SMARCA4,GRIN2A,IDH2,FAT4,PDGFRA
CGGA_528,0,1,51,0,0,0,0,0,0,0,0,0,0,0,0,0,0,0,0,0,0,0,0
CGGA_579,0,1,42,0,0,0,0,0,0,0,0,0,0,0,0,0,0,0,0,0,0,0,0
CGGA_653,0,0,33,1,0,0,0,0,1,0,0,0,0,0,0,0,0,0,0,0,0,0,0
CGGA_715,0,0,43,1,0,0,0,0,1,0,0,0,0,0,0,0,0,0,0,0,0,0,0
CGGA_723,0,1,25,1,0,0,0,0,1,0,0,0,0,0,0,0,0,0,0,0,0,0,0
CGGA_726,0,1,38,0,0,0,0,0,0,0,0,0,0,0,0,0,0,0,0,0,0,0,0
CGGA_755,0,0,45,1,0,0,0,0,0,0,0,0,1,0,0,0,0,0,0,0,0,0,0
CGGA_762,0,1,40,1,0,0,0,0,1,0,0,0,0,0,0,0,0,0,0,0,0,0,0
CGGA_785,0,0,43,1,0,0,0,0,0,0,0,0,1,0,0,1,0,0,0,0,0,0,0
CGGA_835,0,0,31,1,0,0,0,0,0,0,0,0,0,0,0,0,0,0,0,0,0,0,0
CGGA_836,0,1,26,1,0,0,0,0,1,0,0,1,0,0,0,0,0,0,0,0,0,0,1
CGGA_858,0,0,42,1,0,0,0,0,1,1,0,0,0,0,0,0,0,0,0,0,0,0,0
CGGA_864,0,0,34,1,0,0,0,0,1,0,0,0,0,0,0,0,0,0,0,0,0,0,0
CGGA_871,0,0,37,0,0,0,0,0,1,0,0,0,0,0,0,0,0,0,0,0,1,0,0
CGGA_890,0,0,39,1,1,0,0,0,0,0,0,0,0,0,0,0,0,0,0,0,0,0,0
CGGA_892,0,0,34,1,0,0,0,0,1,0,0,0,0,0,0,0,0,0,0,0,0,0,0
CGGA_893,0,1,36,1,1,1,0,0,0,0,0,0,0,0,0,0,0,0,0,0,0,0,0
CGGA_1217,0,0,47,0,0,0,0,0,0,0,0,0,0,0,0,0,0,0,0,0,0,0,0
CGGA_1222,1,0,54,0,0,0,0,0,0,0,0,0,0,0,0,0,0,0,0,0,0,0,0
CGGA_1226,0,1,33,0,0,0,0,0,0,0,0,0,0,0,0,0,0,0,0,0,0,0,0
CGGA_1227,1,1,46,0,0,0,1,1,0,0,0,0,0,0,0,0,0,0,0,0,0,0,0
CGGA_1231,0,1,31,0,0,0,0,0,0,0,0,0,0,0,0,0,0,0,0,0,0,0,0
CGGA_1232,0,0,39,0,1,1,0,0,0,0,0,0,0,0,0,0,0,0,0,0,0,0,0
CGGA_1237,1,0,62,0,0,0,0,1,0,0,0,0,0,0,0,0,0,0,0,0,0,0,0
CGGA_1242,0,1,47,0,1,1,0,0,0,0,0,0,0,0,0,0,0,0,0,0,0,0,0
CGGA_1244,1,0,42,0,1,0,0,0,0,0,0,0,0,0,0,0,0,0,0,0,0,0,0
CGGA_1250,0,0,51,1,0,0,0,0,1,0,1,0,0,0,0,0,0,0,0,0,0,0,0
CGGA_1251,1,1,42,0,1,0,0,0,0,0,0,1,0,0,0,0,0,0,0,0,0,0,0
CGGA_1254,1,1,20,0,0,0,0,0,0,0,0,0,0,0,0,0,0,0,0,0,0,0,0
CGGA_1255,1,0,49,0,1,0,0,0,0,0,0,0,0,0,1,0,0,0,0,0,0,0,0
CGGA_1256,1,1,52,0,0,0,0,0,0,0,0,0,0,0,0,0,1,0,0,0,0,0,0
CGGA_1257,1,0,59,0,0,0,0,0,0,0,0,0,0,0,0,0,0,0,0,0,0,0,0
CGGA_1259,0,1,43,0,0,0,0,0,0,0,0,0,0,0,0,0,0,0,0,0,0,0,0
CGGA_1260,1,0,32,0,1,0,0,0,0,0,0,0,0,0,0,0,1,0,0,0,0,0,0
CGGA_1261,1,0,41,1,1,1,0,0,0,0,0,1,0,0,0,0,0,0,0,0,0,0,0
CGGA_1263,0,0,50,0,0,0,0,0,0,0,0,0,0,0,0,0,0,0,0,0,0,0,0
CGGA_1266,1,0,22,0,1,0,0,0,0,0,0,1,0,0,0,0,0,0,0,0,0,0,0
CGGA_1274,1,1,41,0,1,0,0,0,0,0,0,0,0,0,0,0,0,0,0,0,0,0,1
CGGA_1277,1,1,33,0,1,0,0,0,0,0,0,1,0,0,0,0,0,0,0,0,0,1,0
CGGA_1279,1,0,56,0,0,0,1,0,0,0,0,0,0,0,0,0,0,0,0,0,0,0,0
CGGA_1282,1,1,33,0,0,0,1,0,0,0,0,0,0,0,0,0,0,0,0,0,0,0,0
CGGA_1287,1,0,29,1,1,1,0,0,0,0,1,0,0,0,0,0,0,0,0,0,0,0,0
CGGA_1288,1,0,35,1,0,0,0,0,1,0,1,0,0,0,0,0,0,0,0,0,0,0,0
CGGA_1294,0,0,45,0,0,0,0,0,1,0,0,0,0,0,0,0,0,0,0,0,0,0,0
CGGA_1295,0,0,40,0,1,0,0,0,0,0,0,0,0,0,0,0,0,0,0,0,0,0,0
CGGA_1303,0,1,45,1,1,0,0,0,0,0,0,0,0,0,0,0,0,0,0,0,0,0,0
CGGA_1305,0,0,43,0,1,1,0,0,0,0,0,0,0,0,0,0,0,0,0,0,0,0,0
CGGA_1306,0,0,48,0,0,0,0,0,0,0,0,0,0,0,0,0,0,0,0,0,0,0,0
CGGA_1307,0,1,25,1,1,0,1,0,0,0,0,0,1,0,0,0,0,0,0,0,0,0,0
CGGA_1314,1,1,27,1,1,1,0,0,0,0,0,0,1,0,0,0,0,0,0,0,0,0,0
CGGA_1317,0,0,45,1,0,0,0,0,0,0,0,0,0,0,0,0,0,0,0,0,0,0,0
CGGA_1318,0,0,39,1,1,1,0,0,0,0,0,0,0,0,0,0,0,0,0,0,0,0,0
CGGA_1322,0,0,10,1,1,1,0,0,0,0,0,0,0,0,0,1,0,0,0,0,0,0,1
CGGA_1325,1,0,20,0,0,0,0,0,0,0,0,0,0,0,0,0,0,0,0,0,0,0,0
CGGA_1328,1,1,48,0,1,1,0,0,0,0,0,0,0,0,0,0,0,0,0,0,0,0,0
CGGA_1329,0,1,43,0,1,0,0,0,0,0,0,0,0,0,0,0,0,0,0,0,0,0,0
CGGA_1330,0,0,47,0,1,1,0,0,0,0,0,0,0,0,0,0,0,0,0,0,0,0,0
CGGA_1338,1,1,61,0,1,0,1,0,0,0,0,0,1,0,0,0,0,0,0,0,0,0,0
CGGA_1339,0,0,41,1,0,0,0,0,0,0,0,0,0,0,0,0,0,0,0,0,0,0,0
CGGA_1340,0,0,35,0,1,1,0,0,0,0,0,0,0,0,0,0,0,0,0,0,0,0,0
CGGA_1343,1,0,34,0,1,0,1,0,0,0,0,0,0,1,0,0,0,0,0,0,0,1,1
CGGA_1350,0,0,36,1,0,0,0,0,1,0,0,0,0,1,0,1,0,0,0,0,0,0,0
CGGA_1351,0,1,22,0,1,0,0,0,0,0,0,0,0,0,0,0,0,0,0,0,0,0,0
CGGA_1358,0,1,33,0,1,1,0,0,0,0,0,0,0,0,0,0,0,0,0,0,0,0,0
CGGA_1361,0,0,40,1,1,1,0,0,0,0,0,0,0,0,0,0,0,0,0,0,0,0,0
CGGA_1362,0,1,64,0,0,0,0,0,0,0,0,0,0,0,0,0,0,0,0,0,0,0,0
CGGA_1364,0,1,45,1,0,0,0,0,0,1,0,0,0,0,0,0,0,0,0,0,0,0,0
CGGA_1365,1,0,55,0,1,0,0,0,0,0,0,0,0,0,0,0,0,0,0,0,0,0,0
CGGA_1368,0,0,49,1,0,0,0,0,0,0,0,0,0,0,0,0,0,0,0,0,0,0,0
CGGA_1373,0,1,34,0,1,1,0,0,0,0,0,0,0,0,0,0,0,0,0,0,0,0,0
CGGA_1374,0,0,22,0,1,1,0,0,0,0,0,0,0,0,0,0,0,0,0,0,0,0,0
CGGA_1377,0,0,28,1,1,1,0,0,0,0,0,0,0,0,0,0,0,0,0,0,0,0,0
CGGA_1378,1,0,47,0,1,1,0,0,0,0,0,0,0,0,0,0,0,0,0,0,0,0,0
CGGA_1381,1,1,36,0,0,0,0,0,0,1,0,0,0,0,0,0,0,0,0,0,0,0,0
CGGA_1382,1,0,57,0,0,0,1,0,0,0,0,0,0,0,0,0,0,0,0,0,0,0,0
CGGA_1383,0,1,47,0,0,0,0,0,0,0,0,0,0,0,0,0,0,0,0,0,0,0,0
CGGA_1384,1,1,39,1,1,0,0,0,0,0,0,0,0,0,0,0,0,0,0,0,0,0,0
CGGA_1388,0,0,37,0,1,1,0,0,0,0,0,0,0,0,0,0,0,0,0,0,0,0,0
CGGA_1394,1,0,37,1,1,0,1,0,0,1,1,0,0,0,0,0,0,0,0,0,0,0,0
CGGA_1406,0,0,34,0,1,1,0,0,0,0,0,0,0,0,0,0,0,0,0,0,0,0,0
CGGA_1408,0,1,64,0,0,0,0,0,0,0,0,0,0,0,0,0,0,0,0,0,0,0,0
CGGA_1409,1,1,24,0,1,0,0,0,0,0,0,0,0,0,0,0,0,0,0,0,0,0,0
CGGA_1411,0,1,40,0,0,0,0,0,0,0,0,0,0,0,0,0,0,0,0,0,0,0,0
CGGA_1413,0,0,35,1,0,0,0,0,0,0,0,0,0,0,0,0,0,0,0,0,0,0,0
CGGA_1415,1,1,30,0,0,0,0,0,0,0,0,0,0,0,0,1,0,0,0,0,0,0,0
CGGA_1417,0,0,56,1,0,0,0,0,1,0,0,0,0,0,0,1,0,0,0,0,0,0,0
CGGA_1418,1,1,73,0,1,0,1,0,0,0,0,0,0,0,0,0,0,0,0,0,0,0,0
CGGA_1422,1,0,76,0,0,0,1,0,0,0,0,1,0,0,0,0,0,0,0,0,0,0,0
CGGA_1424,0,1,41,1,0,0,0,0,1,0,0,0,0,1,0,1,0,0,0,0,0,0,0
CGGA_1429,1,1,40,1,0,0,0,0,1,0,0,0,1,1,0,1,1,0,0,0,0,0,0
CGGA_1445,0,0,37,0,0,0,0,0,0,0,0,0,0,0,0,0,0,0,0,0,0,0,0
CGGA_1446,0,0,29,1,0,0,0,0,0,0,0,0,0,0,0,0,0,0,0,0,0,0,0
CGGA_1455,0,0,40,1,0,0,0,0,1,0,0,0,0,0,0,0,0,0,0,0,0,0,0
CGGA_1463,0,1,69,1,0,0,0,0,1,0,0,0,0,0,0,0,0,0,0,0,0,0,0
CGGA_1467,1,0,58,1,1,1,0,0,0,0,0,0,0,0,0,1,0,0,1,0,0,0,0
CGGA_1474,0,1,50,1,0,0,0,0,1,0,0,0,1,0,0,0,0,0,0,0,0,0,0
CGGA_1481,1,0,55,0,1,0,0,0,0,0,0,0,0,0,0,0,0,0,0,0,0,0,0
CGGA_1486,1,0,45,0,0,0,0,0,0,0,1,1,0,0,0,0,0,0,0,0,0,0,0
CGGA_1494,1,0,21,0,1,1,0,0,0,0,0,0,0,0,0,0,0,0,0,0,0,0,1
CGGA_1497,0,1,24,1,1,1,0,0,0,0,0,0,0,0,0,0,0,0,0,0,0,0,0
CGGA_1498,1,0,69,0,0,0,0,0,0,0,0,1,0,0,0,0,0,0,0,0,0,0,0
CGGA_1503,1,0,47,0,0,0,0,0,0,0,0,0,0,0,0,0,0,0,0,0,0,0,0
CGGA_1514,0,1,57,0,0,0,1,0,0,0,0,0,0,0,0,0,0,0,0,0,0,0,0
CGGA_1521,1,1,63,0,0,0,0,0,0,0,0,0,0,0,0,0,0,0,0,0,0,0,0
CGGA_1592,0,0,37,1,1,0,0,0,0,0,0,0,0,0,0,0,0,0,0,0,0,0,0
CGGA_1635,1,1,43,0,1,0,0,0,0,0,0,0,0,0,0,0,0,0,0,0,0,0,0
CGGA_1639,0,0,61,0,0,0,0,0,0,0,0,0,0,0,0,0,0,0,0,0,0,0,0
CGGA_1645,0,0,59,1,1,1,0,0,0,0,0,0,0,0,0,1,0,0,0,0,0,0,0
CGGA_1650,1,0,36,0,1,0,0,0,0,0,0,0,0,0,0,0,0,0,0,0,0,0,0
CGGA_1656,1,0,56,0,0,0,0,1,0,0,0,0,0,0,0,0,0,1,0,0,0,0,0
CGGA_1667,0,1,40,1,0,0,0,0,0,0,0,0,0,0,0,1,0,0,0,0,0,0,0
CGGA_1699,1,1,41,1,0,0,0,0,1,0,0,0,0,0,0,0,0,0,0,0,0,0,0
CGGA_1720,0,0,35,1,0,0,0,0,0,0,0,0,0,0,0,0,0,0,0,0,0,0,0
CGGA_1722,1,1,60,0,0,0,1,0,0,0,0,1,1,0,0,0,0,0,0,0,0,0,0
CGGA_1780,1,1,57,0,0,0,0,0,0,0,0,0,0,0,0,0,0,0,0,0,0,0,0
CGGA_1807,1,1,65,0,0,1,0,0,0,0,0,0,0,0,0,0,0,0,0,0,0,0,1
CGGA_1809,0,0,27,0,0,0,0,0,0,0,0,1,0,0,0,0,0,0,0,0,0,0,0
CGGA_1812,1,0,65,0,0,0,0,0,0,0,0,1,0,0,0,0,0,0,0,0,0,0,0
CGGA_1814,1,1,46,0,1,0,0,0,0,0,0,1,0,0,0,0,0,0,0,0,0,0,0
CGGA_1826,1,1,70,0,0,0,0,1,0,0,0,0,0,0,0,0,0,0,0,0,0,0,0
CGGA_1829,0,0,23,0,0,0,0,0,0,0,0,0,0,0,0,0,0,0,0,0,0,0,0
CGGA_1833,1,1,60,0,0,0,0,0,0,0,1,0,0,0,0,0,0,0,0,0,0,0,0
CGGA_1840,1,1,58,0,0,1,0,0,0,0,0,0,0,0,0,0,0,0,0,0,0,0,0
CGGA_1850,0,0,29,1,1,1,0,0,0,0,0,0,0,0,0,0,0,0,0,0,0,0,0
CGGA_1862,0,0,40,0,0,0,0,1,0,0,0,0,0,0,0,0,0,0,0,0,0,0,0
CGGA_1901,1,0,60,0,0,0,0,0,0,0,0,0,0,0,0,0,0,0,0,0,0,0,0
CGGA_1906,0,0,57,1,1,1,0,0,0,0,0,0,0,0,0,0,0,0,0,0,0,1,0
CGGA_1972,1,0,47,0,0,0,0,1,0,0,0,0,0,0,0,0,0,0,0,0,0,0,0
CGGA_1985,1,0,41,1,1,1,0,1,0,0,0,0,0,0,0,0,0,0,0,0,0,0,0
CGGA_1994,0,1,32,0,0,0,0,0,1,1,0,0,0,0,0,1,1,1,0,0,1,1,0
CGGA_2002,0,0,40,1,1,0,0,0,0,0,0,0,0,0,0,0,0,0,0,0,0,0,0
CGGA_2003,1,0,40,0,0,0,0,0,0,0,0,0,0,0,0,0,0,0,0,0,0,0,0
CGGA_2006,0,0,43,1,1,1,0,0,0,0,0,0,0,0,0,0,1,1,1,0,0,0,0
CGGA_2008,1,0,56,0,0,0,0,0,0,0,1,0,0,0,0,0,0,0,0,0,0,0,0
CGGA_2013,0,0,41,1,1,1,0,0,0,1,0,0,0,0,0,0,0,0,0,0,0,0,0
CGGA_2024,1,1,19,0,0,0,0,0,0,0,0,0,0,0,0,0,0,0,0,0,0,0,0
CGGA_2038,1,0,44,1,1,1,0,0,0,0,0,0,0,0,0,0,0,0,0,0,0,0,0
CGGA_2046,0,0,46,1,1,1,0,0,0,0,0,0,0,0,0,0,0,0,0,0,0,0,1
CGGA_2047,1,1,64,0,1,0,0,0,0,1,0,0,0,0,0,0,0,0,0,0,0,1,0
CGGA_2053,1,0,55,0,0,0,0,0,0,0,0,0,0,0,0,0,0,0,0,0,0,0,0
CGGA_2062,1,1,63,1,1,1,0,0,0,0,0,0,0,0,0,0,0,0,0,0,0,0,1
CGGA_2075,1,0,63,0,1,0,1,0,0,0,0,1,0,0,0,0,0,0,0,0,0,0,0
CGGA_2088,1,1,30,0,0,1,0,0,0,1,0,0,0,0,0,0,1,0,0,0,0,0,0
CGGA_2099,1,1,40,0,0,0,0,0,0,0,0,0,0,0,0,0,0,0,0,0,0,0,0
CGGA_2106,1,1,39,1,1,0,0,0,1,0,0,0,0,0,0,0,0,0,0,0,0,0,0
CGGA_2115,1,1,31,0,1,0,0,0,0,0,0,0,0,0,0,0,0,0,0,0,0,0,1
CGGA_2129,0,0,48,1,1,1,0,0,0,1,0,0,0,0,0,0,1,0,0,0,0,0,0
CGGA_D12,0,1,28,0,0,1,0,0,0,0,0,0,0,0,0,0,0,0,0,0,0,0,0
CGGA_D14,0,0,27,1,0,1,0,0,0,0,0,0,0,0,0,0,0,0,1,0,0,0,0
CGGA_D20,0,1,40,0,1,0,0,0,0,0,0,0,0,0,0,0,0,0,0,0,0,0,0
CGGA_D21,0,1,37,0,0,1,0,0,0,0,0,0,0,0,1,0,0,0,0,0,0,0,0
CGGA_D22,0,0,24,1,1,1,0,0,0,0,0,0,0,0,0,0,0,0,0,0,0,0,0
CGGA_D24,0,1,37,0,0,0,0,0,0,0,0,0,0,0,0,0,0,0,0,0,0,0,0
CGGA_D25,0,0,44,1,1,1,0,0,0,1,0,0,0,0,0,0,0,0,0,0,0,0,0
CGGA_D27,0,0,33,0,0,0,0,0,0,0,0,0,0,1,0,1,0,0,0,0,0,0,0
CGGA_D28,0,0,25,0,1,1,0,0,0,0,0,0,0,0,0,0,0,0,0,0,0,0,0
CGGA_D31,0,0,28,0,1,1,0,0,0,0,0,0,0,0,0,0,0,0,0,0,0,0,0
CGGA_D33,0,0,38,1,1,1,0,0,0,0,0,0,0,0,0,0,0,0,0,0,0,0,0
CGGA_D39,0,1,27,0,1,0,0,0,0,0,0,0,0,0,0,0,0,0,0,0,0,0,0
CGGA_D45,0,0,32,0,0,0,0,0,1,1,0,0,0,0,0,1,0,0,0,0,0,0,0
CGGA_D46,0,1,36,0,1,1,1,0,0,0,1,0,0,0,0,0,0,0,0,0,0,0,0
CGGA_D47,0,0,36,1,0,0,0,0,0,0,1,0,0,0,0,0,0,0,0,0,0,0,0
CGGA_D48,0,1,23,1,0,1,0,0,0,0,0,0,0,0,0,0,0,0,0,0,0,0,0
CGGA_D50,0,0,30,1,0,0,0,0,1,0,0,0,0,0,0,0,0,0,0,0,0,0,0
CGGA_D51,1,1,60,0,0,0,0,0,0,0,0,0,0,0,0,0,0,0,0,0,0,0,0
CGGA_J100,1,0,55,0,1,1,0,0,0,1,0,0,0,0,0,0,0,0,0,0,0,0,0
CGGA_J105,1,0,30,0,0,0,0,0,0,0,1,0,0,0,0,1,0,0,0,0,0,0,0
CGGA_J112,0,0,25,1,1,1,0,0,0,0,0,0,0,0,0,0,0,0,0,0,0,0,0
CGGA_J114,0,0,38,0,1,1,0,0,0,1,0,0,0,0,0,0,0,0,0,0,0,0,0
CGGA_J127,0,0,35,1,1,0,0,0,0,0,0,0,0,0,0,0,0,0,0,0,0,0,0
CGGA_J130,0,0,40,0,0,0,0,0,0,0,0,0,0,0,0,0,0,0,0,0,0,0,0
CGGA_J18,1,1,38,1,1,1,0,0,0,0,0,0,0,0,0,0,0,0,0,0,0,0,0
CGGA_J24,0,1,29,0,1,1,0,0,0,0,0,0,0,0,0,0,0,0,0,0,0,0,0
CGGA_J26,0,1,42,1,1,0,0,0,0,0,1,0,0,0,0,0,0,0,0,0,0,0,0
CGGA_J30,0,0,38,1,0,0,0,0,0,0,0,0,0,0,0,1,0,0,0,0,0,0,0
CGGA_J35,1,0,53,0,1,1,0,0,0,0,0,1,0,0,0,0,0,0,0,0,0,0,0
CGGA_J36,1,0,54,0,1,1,0,0,0,0,0,0,0,0,0,0,0,0,0,0,0,0,0
CGGA_J41,0,0,44,0,1,1,0,0,0,0,0,0,0,0,0,0,0,0,0,0,0,0,0
CGGA_J42,0,0,38,0,1,0,0,0,0,0,0,0,0,0,0,0,0,0,0,0,0,0,0
CGGA_J43,0,0,26,0,1,1,0,0,0,0,0,0,0,0,0,0,0,0,0,0,0,0,0
CGGA_J47,0,1,48,0,0,0,0,0,0,0,0,0,1,0,0,0,0,0,0,0,0,0,0
CGGA_J8,0,0,45,0,0,0,0,0,0,0,0,0,0,0,0,0,0,0,0,0,0,0,0
CGGA_P100,1,0,67,0,1,0,0,0,0,0,0,0,0,0,0,0,0,0,0,0,0,0,0
CGGA_P102,1,0,30,1,1,1,0,0,0,0,0,0,0,0,0,0,0,0,0,0,0,0,1
CGGA_P103,0,0,34,1,0,0,0,0,0,0,0,0,0,0,0,0,0,0,0,0,0,0,0
CGGA_P104,0,1,36,1,1,1,0,0,0,0,1,0,0,0,0,0,0,0,0,0,0,0,0
CGGA_P107,0,0,26,1,1,0,0,0,0,0,0,0,0,0,0,0,0,0,0,0,0,0,0
CGGA_P108,0,1,30,0,1,0,0,0,0,0,1,1,0,0,0,0,1,0,0,0,0,1,0
CGGA_P110,0,1,56,0,0,0,0,0,0,0,0,0,0,0,0,0,0,0,0,0,0,0,0
CGGA_P111,0,1,44,1,1,0,0,0,0,0,0,0,0,0,0,0,0,0,0,0,0,0,0
CGGA_P112,1,0,65,0,0,0,0,0,0,0,0,0,0,0,0,0,0,0,0,0,0,0,0
CGGA_P113,0,0,32,0,0,0,0,0,0,0,0,0,0,0,0,0,0,0,0,0,0,0,0
CGGA_P114,0,0,32,1,1,0,0,0,0,0,0,0,0,0,0,0,0,0,0,0,0,0,0
CGGA_P115,0,0,25,0,0,0,0,0,0,0,0,0,0,0,0,0,0,0,0,0,0,0,0
CGGA_P116,1,0,58,0,1,0,0,0,1,0,0,0,0,0,1,0,0,0,0,0,0,0,0
CGGA_P117,0,0,24,0,0,0,0,0,0,0,0,0,0,0,0,0,0,0,0,0,0,0,0
CGGA_P118,0,1,43,1,1,0,0,0,1,0,0,0,0,0,0,0,0,0,0,0,0,0,0
CGGA_P121,0,0,39,0,0,0,0,0,0,0,0,0,0,0,0,0,0,0,0,0,0,0,0
CGGA_P122,0,0,43,1,0,0,0,0,0,0,0,0,1,0,0,0,0,0,0,0,0,0,0
CGGA_P128,0,0,41,1,0,0,0,0,0,0,0,0,0,0,0,0,0,0,0,0,0,0,0
CGGA_P131,0,1,45,1,0,0,0,0,0,0,0,0,0,0,0,0,0,0,0,0,0,0,0
CGGA_P132,0,0,42,1,0,0,0,0,0,0,0,0,0,0,0,0,0,0,0,0,0,0,0
CGGA_P137,0,0,42,1,1,1,0,0,0,0,0,1,0,0,0,1,0,0,0,0,0,0,0
CGGA_P142,0,0,45,1,0,0,0,0,0,1,0,0,0,0,0,0,0,0,0,0,0,0,0
CGGA_P143,1,1,66,0,1,0,0,0,0,0,0,0,0,0,0,0,0,0,0,0,0,0,0
CGGA_P144,0,0,44,1,1,1,0,0,0,0,0,0,0,0,0,0,0,0,0,0,0,0,0
CGGA_P147,0,0,52,1,0,0,0,0,1,0,1,0,0,1,0,1,0,0,0,0,0,0,0
CGGA_P150,0,0,34,1,1,0,0,0,0,0,0,0,0,0,0,0,0,0,0,0,0,0,0
CGGA_P151,0,1,46,1,1,1,0,0,0,1,0,0,0,0,0,0,0,0,0,0,0,0,0
CGGA_P153,0,0,45,1,1,0,0,0,0,0,0,0,0,0,0,0,0,0,0,0,0,0,0
CGGA_P155,0,0,50,0,0,0,0,0,0,0,0,0,0,0,0,0,1,0,0,0,0,0,0
CGGA_P156,0,0,30,1,0,0,0,0,0,0,0,0,0,0,0,0,0,0,0,0,0,0,0
CGGA_P157,0,1,55,0,0,0,1,0,0,0,0,1,0,0,0,0,0,1,0,0,0,0,0
CGGA_P158,0,0,27,1,0,0,0,0,1,0,0,0,0,0,0,0,0,0,0,0,0,0,0
CGGA_P159,0,0,59,0,0,0,0,0,0,0,0,0,0,0,0,0,0,0,0,0,0,0,0
CGGA_P160,1,1,72,0,0,0,0,0,0,0,0,0,0,0,0,0,0,0,0,0,0,0,1
CGGA_P163,0,1,45,1,1,0,0,0,0,0,0,0,0,0,0,0,0,0,0,0,0,0,0
CGGA_P164,1,0,27,0,0,0,0,0,0,0,0,0,0,0,0,0,0,0,0,0,0,0,0
CGGA_P165,0,1,51,1,0,0,0,0,1,0,1,0,0,0,0,0,0,0,1,0,0,0,0
CGGA_P167,0,0,59,1,1,0,0,0,0,1,0,0,0,0,0,0,0,0,0,0,0,0,0
CGGA_P172,0,0,33,1,1,1,0,0,0,0,0,0,0,0,0,0,0,0,0,0,0,0,0
CGGA_P173,0,0,31,1,1,1,0,0,0,0,0,0,0,0,0,0,0,0,0,0,0,0,0
CGGA_P174,0,0,31,1,0,0,0,0,1,0,0,0,0,0,0,0,0,0,0,0,0,0,0
CGGA_P175,1,0,45,0,0,0,1,1,0,0,0,0,0,0,0,0,0,0,0,0,0,0,0
CGGA_P176,0,1,32,1,0,0,0,0,1,0,0,0,0,0,0,0,0,0,0,0,0,0,0
CGGA_P177,0,0,43,0,0,0,0,0,0,0,0,0,0,0,0,0,0,0,0,0,0,0,0
CGGA_P178,1,1,52,0,1,0,0,0,0,0,0,0,0,0,0,0,0,0,0,0,0,0,0
CGGA_P179,0,1,53,1,1,0,0,0,0,0,0,0,0,0,0,0,0,0,0,0,0,0,0
CGGA_P180,1,0,47,1,0,0,1,0,0,0,0,0,0,0,0,0,0,0,0,1,0,0,0
CGGA_P181,0,1,21,0,1,0,0,0,0,0,0,0,0,0,0,0,0,0,0,0,0,0,0
CGGA_P182,1,1,58,0,1,0,0,0,0,1,0,0,0,0,0,0,0,0,0,0,0,0,0
CGGA_P183,0,0,58,1,0,0,0,0,0,0,0,0,0,1,0,0,0,0,0,0,0,0,0
CGGA_P185,0,1,41,1,1,1,0,0,0,0,0,0,0,0,0,0,0,0,0,0,0,0,0
CGGA_P197,0,0,37,1,0,0,0,0,0,0,0,0,0,0,0,0,0,0,0,0,0,0,0
CGGA_P198,0,1,46,0,0,0,0,0,1,0,0,0,0,1,0,0,0,0,0,0,0,0,0
CGGA_P205,1,0,66,0,0,0,0,0,0,0,0,0,0,0,0,0,0,0,0,0,0,0,0
CGGA_P265,0,0,36,0,0,0,0,0,0,0,0,0,0,0,0,0,0,0,0,0,0,0,0
CGGA_P266,0,1,28,0,0,1,0,0,0,0,1,1,0,0,0,0,1,0,0,0,0,0,0
CGGA_P270,0,0,33,1,1,1,0,0,0,0,0,0,0,0,0,0,0,0,0,0,0,0,0
CGGA_P271,0,0,42,1,1,1,0,0,0,0,0,0,0,0,0,0,0,0,0,0,0,0,0
CGGA_P335,1,0,42,1,0,0,0,0,0,0,0,0,1,0,0,1,0,0,0,0,0,0,0
CGGA_P337,0,1,61,1,0,0,0,0,1,0,0,0,0,0,0,0,0,0,0,0,0,0,0
CGGA_P388,0,1,37,1,1,1,0,0,0,0,0,0,0,0,0,0,0,0,0,0,0,0,0
CGGA_P392,0,0,35,1,0,0,0,0,1,0,0,0,0,0,0,0,0,0,0,0,0,0,0
CGGA_P401,1,0,31,1,1,1,0,0,0,0,0,0,0,0,0,0,0,0,0,0,0,0,0
CGGA_P411,1,1,47,1,1,0,0,0,0,0,0,0,0,0,0,0,0,0,0,0,0,0,0
CGGA_P415,1,1,56,0,0,0,0,0,0,0,0,0,0,0,0,0,0,0,0,0,0,0,0
CGGA_P416,0,0,29,1,0,0,0,0,1,0,1,0,0,0,0,0,0,0,0,0,0,0,0
CGGA_P421,0,0,26,1,1,1,0,0,0,0,0,0,0,0,0,0,0,0,0,0,0,0,0
CGGA_P422,0,1,41,1,0,0,0,0,0,0,0,0,0,0,0,0,0,0,0,0,0,0,0
CGGA_P437,0,1,47,0,0,0,0,0,1,0,0,0,0,0,0,0,1,0,0,0,1,0,0
CGGA_P438,0,0,41,1,0,0,0,0,1,0,0,0,0,0,0,0,0,0,0,0,0,0,0
CGGA_P439,0,0,45,1,1,1,0,0,0,0,0,0,0,0,0,0,0,0,0,0,0,0,0
CGGA_P446,0,1,47,1,0,0,0,0,0,0,0,0,0,1,0,1,0,0,0,0,0,0,0
CGGA_P461,0,0,28,1,1,1,0,0,0,0,0,0,0,0,0,0,0,0,0,0,0,0,0
CGGA_P468,0,1,42,1,0,0,0,0,1,0,0,0,0,0,0,1,0,0,0,0,0,0,0
CGGA_P483,0,0,41,0,0,1,0,0,0,0,0,0,0,1,0,0,0,0,0,0,0,0,0
CGGA_P492,0,1,44,1,0,0,0,0,1,0,0,0,0,0,0,1,0,0,0,0,0,0,0
CGGA_P499,1,1,69,0,0,0,0,0,0,0,0,0,0,0,0,0,0,0,0,0,0,0,0
CGGA_P500,0,1,34,1,0,0,0,0,1,0,0,0,0,0,0,1,0,0,0,0,0,0,0
CGGA_P501,0,0,27,1,1,1,0,0,0,0,0,0,0,0,0,0,0,0,0,0,0,0,0
CGGA_P505,0,0,34,1,1,1,0,0,0,1,0,0,0,0,0,0,0,0,0,0,0,0,0
CGGA_P508,0,0,40,1,1,1,0,0,0,1,0,0,0,0,0,0,0,0,0,0,1,0,0
CGGA_P510,0,0,42,0,0,0,0,1,0,0,0,0,0,0,0,0,0,0,0,0,0,0,0
CGGA_P512,1,0,23,0,1,1,1,0,0,0,0,1,0,0,0,0,1,0,0,0,0,0,1
CGGA_P520,0,1,44,1,0,0,0,0,1,0,0,0,0,1,0,0,0,0,0,0,0,0,0
CGGA_P568,0,1,23,1,1,1,0,0,0,0,0,0,0,0,0,0,0,0,0,0,0,0,0
CGGA_P585,1,0,50,0,1,0,0,0,0,0,0,0,0,0,0,0,0,0,0,0,0,0,0
CGGA_P594,0,0,40,0,0,0,0,1,0,1,0,0,0,0,0,0,0,0,0,0,0,0,0
CGGA_P596,1,1,60,0,0,0,0,0,0,0,0,0,0,1,0,1,0,0,0,0,1,0,0
CGGA_P604,0,1,15,0,1,1,0,0,0,1,0,0,0,0,0,1,0,0,0,1,0,0,0
CGGA_P609,1,1,19,0,1,0,1,0,0,0,0,1,0,0,0,0,0,0,0,0,0,0,0
CGGA_P610,1,0,62,0,0,0,0,0,0,0,0,0,0,0,0,0,0,0,0,0,0,0,0
CGGA_P615,0,0,40,1,0,0,0,0,0,0,0,0,0,0,0,0,0,0,0,0,0,0,0
CGGA_P619,1,1,66,0,1,0,0,0,0,0,0,0,0,0,0,0,0,0,0,0,0,0,0
CGGA_P623,0,0,52,1,0,1,0,0,0,0,0,0,0,0,0,0,0,0,0,0,0,0,0
CGGA_P625,1,1,46,1,1,1,0,0,0,0,0,0,0,0,0,0,0,0,0,0,0,0,0
CGGA_P633,0,1,40,1,1,0,0,0,0,0,0,0,0,0,0,0,0,0,0,0,0,0,0
CGGA_P83,0,1,28,1,1,1,0,0,0,0,0,0,0,0,0,0,0,0,0,0,0,0,0
CGGA_P84,0,1,40,1,1,1,0,0,0,0,0,0,0,0,0,0,0,0,0,0,0,0,0
CGGA_P86,0,1,34,1,0,0,0,0,0,0,0,0,0,0,0,0,0,0,0,0,0,0,0
CGGA_P87,1,0,32,1,1,1,0,0,0,1,0,0,1,0,0,0,0,0,1,0,0,1,1
CGGA_P89,1,0,42,0,0,0,0,1,0,0,0,0,0,0,0,0,0,0,0,0,0,0,0
CGGA_P90,1,1,52,0,0,0,0,0,0,0,0,0,0,0,0,0,0,0,0,0,0,0,0
CGGA_P95,0,1,44,1,1,1,0,0,0,0,0,0,1,0,0,0,0,0,1,0,0,0,0
CGGA_P99,1,0,52,1,1,1,0,0,0,0,0,0,1,0,0,0,0,0,0,0,0,0,0
