Model,Pipeline,Feature,Feature_Type,AUC_Drop,Base_AUC
HeteroGATv2,No Balancing,IDH1,Gene,0.2576384839650145,0.8778425655976676
HeteroGATv2,No Balancing,TP53,Gene,-0.004271137026239135,0.8778425655976676
HeteroGATv2,No Balancing,ATRX,Gene,0.030320699708454746,0.8778425655976676
HeteroGATv2,No Balancing,PTEN,Gene,0.0004227405247812954,0.8778425655976676
HeteroGATv2,No Balancing,EGFR,Gene,-0.0006122448979592132,0.8778425655976676
HeteroGATv2,No Balancing,CIC,Gene,0.03590379008746354,0.8778425655976676
HeteroGATv2,No Balancing,MUC16,Gene,0.0015889212827987942,0.8778425655976676
HeteroGATv2,No Balancing,PIK3CA,Gene,0.0038046647230320363,0.8778425655976676
HeteroGATv2,No Balancing,NF1,Gene,-0.005626822157434453,0.8778425655976676
HeteroGATv2,No Balancing,PIK3R1,Gene,-0.012026239067055433,0.8778425655976676
HeteroGATv2,No Balancing,FUBP1,Gene,0.0029154518950436858,0.8778425655976676
HeteroGATv2,No Balancing,RB1,Gene,-0.005014577259475295,0.8778425655976676
HeteroGATv2,No Balancing,NOTCH1,Gene,0.018192419825072838,0.8778425655976676
HeteroGATv2,No Balancing,BCOR,Gene,-0.010262390670553966,0.8778425655976676
HeteroGATv2,No Balancing,CSMD3,Gene,0.0014723032069970609,0.8778425655976676
HeteroGATv2,No Balancing,SMARCA4,Gene,0.0004810495626821565,0.8778425655976676
HeteroGATv2,No Balancing,GRIN2A,Gene,-0.0026676384839650403,0.8778425655976676
HeteroGATv2,No Balancing,IDH2,Gene,0.006822157434402254,0.8778425655976676
HeteroGATv2,No Balancing,FAT4,Gene,-0.0044897959183673895,0.8778425655976676
HeteroGATv2,No Balancing,PDGFRA,Gene,-0.00265306122448985,0.8778425655976676
HeteroGATv2,No Balancing,Age_at_diagnosis,Clinical,0.019023323615160313,0.8778425655976676
HeteroGATv2,No Balancing,Gender,Clinical,-0.006472303206997132,0.8778425655976676
HeteroGATv2,No Balancing,Race,Clinical,-0.001720116618075862,0.8778425655976676
HeteroGATv2,SMOTE,IDH1,Gene,0.3061807580174928,0.9196793002915452
HeteroGATv2,SMOTE,TP53,Gene,0.020466472303207008,0.9196793002915452
HeteroGATv2,SMOTE,ATRX,Gene,0.028556851311953357,0.9196793002915452
HeteroGATv2,SMOTE,PTEN,Gene,0.007069970845481055,0.9196793002915452
HeteroGATv2,SMOTE,EGFR,Gene,0.008892128279883404,0.9196793002915452
HeteroGATv2,SMOTE,CIC,Gene,0.015014577259475238,0.9196793002915452
HeteroGATv2,SMOTE,MUC16,Gene,0.0015597667638483804,0.9196793002915452
HeteroGATv2,SMOTE,PIK3CA,Gene,0.011253644314868794,0.9196793002915452
HeteroGATv2,SMOTE,NF1,Gene,-0.0008017492711369755,0.9196793002915452
HeteroGATv2,SMOTE,PIK3R1,Gene,0.005189504373177856,0.9196793002915452
HeteroGATv2,SMOTE,FUBP1,Gene,0.0056122448979591955,0.9196793002915452
HeteroGATv2,SMOTE,RB1,Gene,0.0005976676384839896,0.9196793002915452
HeteroGATv2,SMOTE,NOTCH1,Gene,0.020699708454810496,0.9196793002915452
HeteroGATv2,SMOTE,BCOR,Gene,-0.0011078717201166044,0.9196793002915452
HeteroGATv2,SMOTE,CSMD3,Gene,0.0017055393586005718,0.9196793002915452
HeteroGATv2,SMOTE,SMARCA4,Gene,0.0010641399416909559,0.9196793002915452
HeteroGATv2,SMOTE,GRIN2A,Gene,0.0015597667638484248,0.9196793002915452
HeteroGATv2,SMOTE,IDH2,Gene,0.007040816326530641,0.9196793002915452
HeteroGATv2,SMOTE,FAT4,Gene,-0.0009037900874635185,0.9196793002915452
HeteroGATv2,SMOTE,PDGFRA,Gene,0.0001603498542274151,0.9196793002915452
HeteroGATv2,SMOTE,Age_at_diagnosis,Clinical,0.04653061224489798,0.9196793002915452
HeteroGATv2,SMOTE,Gender,Clinical,0.005335276967930047,0.9196793002915452
HeteroGATv2,SMOTE,Race,Clinical,0.0008600583090379143,0.9196793002915452
HeteroGATv2,CTGAN,IDH1,Gene,0.08908163265306115,0.9142857142857143
HeteroGATv2,CTGAN,TP53,Gene,0.0035276967930028768,0.9142857142857143
HeteroGATv2,CTGAN,ATRX,Gene,0.003586005830903749,0.9142857142857143
HeteroGATv2,CTGAN,PTEN,Gene,0.018862973760932912,0.9142857142857143
HeteroGATv2,CTGAN,EGFR,Gene,0.0043731778425655675,0.9142857142857143
HeteroGATv2,CTGAN,CIC,Gene,0.02556851311953349,0.9142857142857143
HeteroGATv2,CTGAN,MUC16,Gene,0.004723032069970823,0.9142857142857143
HeteroGATv2,CTGAN,PIK3CA,Gene,0.0056559766763848215,0.9142857142857143
HeteroGATv2,CTGAN,NF1,Gene,-0.002011661807580234,0.9142857142857143
HeteroGATv2,CTGAN,PIK3R1,Gene,0.0035276967930028768,0.9142857142857143
HeteroGATv2,CTGAN,FUBP1,Gene,0.001603498542274029,0.9142857142857143
HeteroGATv2,CTGAN,RB1,Gene,0.0074489795918366904,0.9142857142857143
HeteroGATv2,CTGAN,NOTCH1,Gene,0.0007871720116617742,0.9142857142857143
HeteroGATv2,CTGAN,BCOR,Gene,-0.00037900874635574675,0.9142857142857143
HeteroGATv2,CTGAN,CSMD3,Gene,0.001034985422740531,0.9142857142857143
HeteroGATv2,CTGAN,SMARCA4,Gene,0.0012827988338191987,0.9142857142857143
HeteroGATv2,CTGAN,GRIN2A,Gene,0.002376093294460624,0.9142857142857143
HeteroGATv2,CTGAN,IDH2,Gene,0.0038046647230320476,0.9142857142857143
HeteroGATv2,CTGAN,FAT4,Gene,0.0013994169096209653,0.9142857142857143
HeteroGATv2,CTGAN,PDGFRA,Gene,0.005743440233236119,0.9142857142857143
HeteroGATv2,CTGAN,Age_at_diagnosis,Clinical,0.06931486880466467,0.9142857142857143
HeteroGATv2,CTGAN,Gender,Clinical,-0.0019825072886297756,0.9142857142857143
HeteroGATv2,CTGAN,Race,Clinical,0.0020262390670553686,0.9142857142857143
HeteroGATv2,ROS,IDH1,Gene,0.2507142857142858,0.9036443148688047
HeteroGATv2,ROS,TP53,Gene,0.0014139941690962331,0.9036443148688047
HeteroGATv2,ROS,ATRX,Gene,0.0020408163265306146,0.9036443148688047
HeteroGATv2,ROS,PTEN,Gene,0.002959183673469401,0.9036443148688047
HeteroGATv2,ROS,EGFR,Gene,0.001574344023323626,0.9036443148688047
HeteroGATv2,ROS,CIC,Gene,0.009402332361516063,0.9036443148688047
HeteroGATv2,ROS,MUC16,Gene,0.0015743440233236372,0.9036443148688047
HeteroGATv2,ROS,PIK3CA,Gene,0.0024927113702624014,0.9036443148688047
HeteroGATv2,ROS,NF1,Gene,-0.007288629737609287,0.9036443148688047
HeteroGATv2,ROS,PIK3R1,Gene,7.288629737610686e-05,0.9036443148688047
HeteroGATv2,ROS,FUBP1,Gene,0.0018950437317784342,0.9036443148688047
HeteroGATv2,ROS,RB1,Gene,-0.0010787172011661461,0.9036443148688047
HeteroGATv2,ROS,NOTCH1,Gene,0.004591836734693888,0.9036443148688047
HeteroGATv2,ROS,BCOR,Gene,-0.007725947521865883,0.9036443148688047
HeteroGATv2,ROS,CSMD3,Gene,0.0010349854227405641,0.9036443148688047
HeteroGATv2,ROS,SMARCA4,Gene,0.000801749271137031,0.9036443148688047
HeteroGATv2,ROS,GRIN2A,Gene,-0.0018658892128279648,0.9036443148688047
HeteroGATv2,ROS,IDH2,Gene,0.0059912536443149315,0.9036443148688047
HeteroGATv2,ROS,FAT4,Gene,-0.001486880466472318,0.9036443148688047
HeteroGATv2,ROS,PDGFRA,Gene,-0.0032215743440233368,0.9036443148688047
HeteroGATv2,ROS,Age_at_diagnosis,Clinical,0.018615160349854255,0.9036443148688047
HeteroGATv2,ROS,Gender,Clinical,0.003513119533527731,0.9036443148688047
HeteroGATv2,ROS,Race,Clinical,0.0015306122448979775,0.9036443148688047
MOGAT,No Balancing,IDH1,Gene,0.2872740524781342,0.9091836734693879
MOGAT,No Balancing,TP53,Gene,0.012580174927113807,0.9091836734693879
MOGAT,No Balancing,ATRX,Gene,0.027259475218659013,0.9091836734693879
MOGAT,No Balancing,PTEN,Gene,0.003542274052478256,0.9091836734693879
MOGAT,No Balancing,EGFR,Gene,0.0038046647230321807,0.9091836734693879
MOGAT,No Balancing,CIC,Gene,0.018206997084548204,0.9091836734693879
MOGAT,No Balancing,MUC16,Gene,0.0024927113702624903,0.9091836734693879
MOGAT,No Balancing,PIK3CA,Gene,0.01002915451895059,0.9091836734693879
MOGAT,No Balancing,NF1,Gene,-0.001734693877550908,0.9091836734693879
MOGAT,No Balancing,PIK3R1,Gene,-0.0007142857142855785,0.9091836734693879
MOGAT,No Balancing,FUBP1,Gene,0.004314868804664851,0.9091836734693879
MOGAT,No Balancing,RB1,Gene,-0.0012682215743439196,0.9091836734693879
MOGAT,No Balancing,NOTCH1,Gene,0.02978134110787183,0.9091836734693879
MOGAT,No Balancing,BCOR,Gene,-0.005743440233236019,0.9091836734693879
MOGAT,No Balancing,CSMD3,Gene,0.0019533527696794064,0.9091836734693879
MOGAT,No Balancing,SMARCA4,Gene,0.001253644314868907,0.9091836734693879
MOGAT,No Balancing,GRIN2A,Gene,0.0038338192419826167,0.9091836734693879
MOGAT,No Balancing,IDH2,Gene,0.007317784256559845,0.9091836734693879
MOGAT,No Balancing,FAT4,Gene,-0.0012390670553934836,0.9091836734693879
MOGAT,No Balancing,PDGFRA,Gene,-0.00046647230320688847,0.9091836734693879
MOGAT,No Balancing,Age_at_diagnosis,Clinical,0.024752186588921376,0.9091836734693879
MOGAT,No Balancing,Gender,Clinical,-0.0013119533527695792,0.9091836734693879
MOGAT,No Balancing,Race,Clinical,0.003498542274052585,0.9091836734693879
MOGAT,SMOTE,IDH1,Gene,0.2579154518950438,0.889795918367347
MOGAT,SMOTE,TP53,Gene,0.008163265306122469,0.889795918367347
MOGAT,SMOTE,ATRX,Gene,0.03440233236151604,0.889795918367347
MOGAT,SMOTE,PTEN,Gene,0.01155976676384839,0.889795918367347
MOGAT,SMOTE,EGFR,Gene,0.0031924198250728895,0.889795918367347
MOGAT,SMOTE,CIC,Gene,0.013265306122448995,0.889795918367347
MOGAT,SMOTE,MUC16,Gene,-0.007827988338192416,0.889795918367347
MOGAT,SMOTE,PIK3CA,Gene,0.005728862973760951,0.889795918367347
MOGAT,SMOTE,NF1,Gene,-0.0018513119533527522,0.889795918367347
MOGAT,SMOTE,PIK3R1,Gene,0.0015014577259475192,0.889795918367347
MOGAT,SMOTE,FUBP1,Gene,8.746355685130824e-05,0.889795918367347
MOGAT,SMOTE,RB1,Gene,0.000962099125364424,0.889795918367347
MOGAT,SMOTE,NOTCH1,Gene,0.023556851311953352,0.889795918367347
MOGAT,SMOTE,BCOR,Gene,-0.005145772594752162,0.889795918367347
MOGAT,SMOTE,CSMD3,Gene,0.007303206997084555,0.889795918367347
MOGAT,SMOTE,SMARCA4,Gene,-0.0015889212827988163,0.889795918367347
MOGAT,SMOTE,GRIN2A,Gene,-0.0005830903790087327,0.889795918367347
MOGAT,SMOTE,IDH2,Gene,0.008411078717201158,0.889795918367347
MOGAT,SMOTE,FAT4,Gene,-0.0009475218658891893,0.889795918367347
MOGAT,SMOTE,PDGFRA,Gene,0.0022303206997084544,0.889795918367347
MOGAT,SMOTE,Age_at_diagnosis,Clinical,0.03782798833819243,0.889795918367347
MOGAT,SMOTE,Gender,Clinical,0.0038775510204081655,0.889795918367347
MOGAT,SMOTE,Race,Clinical,0.0007142857142857339,0.889795918367347
MOGAT,CTGAN,IDH1,Gene,0.13084548104956278,0.9043731778425657
MOGAT,CTGAN,TP53,Gene,0.003163265306122509,0.9043731778425657
MOGAT,CTGAN,ATRX,Gene,-0.0011516034985422307,0.9043731778425657
MOGAT,CTGAN,PTEN,Gene,0.010685131195335318,0.9043731778425657
MOGAT,CTGAN,EGFR,Gene,0.004227405247813476,0.9043731778425657
MOGAT,CTGAN,CIC,Gene,0.012580174927113752,0.9043731778425657
MOGAT,CTGAN,MUC16,Gene,0.00043731778425663,0.9043731778425657
MOGAT,CTGAN,PIK3CA,Gene,0.008556851311953394,0.9043731778425657
MOGAT,CTGAN,NF1,Gene,-0.004314868804664673,0.9043731778425657
MOGAT,CTGAN,PIK3R1,Gene,0.0013411078717201596,0.9043731778425657
MOGAT,CTGAN,FUBP1,Gene,0.0036880466472303695,0.9043731778425657
MOGAT,CTGAN,RB1,Gene,0.0021428571428571907,0.9043731778425657
MOGAT,CTGAN,NOTCH1,Gene,0.00040816326530616063,0.9043731778425657
MOGAT,CTGAN,BCOR,Gene,-0.0005102040816325926,0.9043731778425657
MOGAT,CTGAN,CSMD3,Gene,0.002113702623906766,0.9043731778425657
MOGAT,CTGAN,SMARCA4,Gene,0.0017346938775510746,0.9043731778425657
MOGAT,CTGAN,GRIN2A,Gene,0.002900874635568584,0.9043731778425657
MOGAT,CTGAN,IDH2,Gene,0.003396501457725953,0.9043731778425657
MOGAT,CTGAN,FAT4,Gene,0.0003206997084548746,0.9043731778425657
MOGAT,CTGAN,PDGFRA,Gene,0.0009620991253644795,0.9043731778425657
MOGAT,CTGAN,Age_at_diagnosis,Clinical,0.07274052478134117,0.9043731778425657
MOGAT,CTGAN,Gender,Clinical,0.0004810495626822564,0.9043731778425657
MOGAT,CTGAN,Race,Clinical,0.00421282798833823,0.9043731778425657
MOGAT,ROS,IDH1,Gene,0.3020845481049562,0.9176384839650146
MOGAT,ROS,TP53,Gene,0.015349854227405268,0.9176384839650146
MOGAT,ROS,ATRX,Gene,0.017230320699708458,0.9176384839650146
MOGAT,ROS,PTEN,Gene,0.0057288629737609065,0.9176384839650146
MOGAT,ROS,EGFR,Gene,0.005116618075801727,0.9176384839650146
MOGAT,ROS,CIC,Gene,0.014723032069970821,0.9176384839650146
MOGAT,ROS,MUC16,Gene,0.002696793002915465,0.9176384839650146
MOGAT,ROS,PIK3CA,Gene,0.014810495626822195,0.9176384839650146
MOGAT,ROS,NF1,Gene,-0.002871720116618082,0.9176384839650146
MOGAT,ROS,PIK3R1,Gene,2.915451895042498e-05,0.9176384839650146
MOGAT,ROS,FUBP1,Gene,0.0037172011661807613,0.9176384839650146
MOGAT,ROS,RB1,Gene,-0.0023032069970845394,0.9176384839650146
MOGAT,ROS,NOTCH1,Gene,0.021909620991253598,0.9176384839650146
MOGAT,ROS,BCOR,Gene,-0.0032507288629737953,0.9176384839650146
MOGAT,ROS,CSMD3,Gene,0.0014868804664722845,0.9176384839650146
MOGAT,ROS,SMARCA4,Gene,0.0008017492711370533,0.9176384839650146
MOGAT,ROS,GRIN2A,Gene,0.0017055393586005829,0.9176384839650146
MOGAT,ROS,IDH2,Gene,0.010072886297376071,0.9176384839650146
MOGAT,ROS,FAT4,Gene,-0.0017492711370262204,0.9176384839650146
MOGAT,ROS,PDGFRA,Gene,-0.0001457725947522026,0.9176384839650146
MOGAT,ROS,Age_at_diagnosis,Clinical,0.03297376093294459,0.9176384839650146
MOGAT,ROS,Gender,Clinical,0.0013119533527696681,0.9176384839650146
MOGAT,ROS,Race,Clinical,0.0042857142857143146,0.9176384839650146
HyperTMO,No Balancing,IDH1,Gene,0.006661807580174817,0.8300291545189503
HyperTMO,No Balancing,TP53,Gene,-0.001180758017492789,0.8300291545189503
HyperTMO,No Balancing,ATRX,Gene,-0.0024927113702625015,0.8300291545189503
HyperTMO,No Balancing,PTEN,Gene,-0.0003498542274053551,0.8300291545189503
HyperTMO,No Balancing,EGFR,Gene,-0.0054081632653062315,0.8300291545189503
HyperTMO,No Balancing,CIC,Gene,0.0016763848396500135,0.8300291545189503
HyperTMO,No Balancing,MUC16,Gene,-0.0004227405247814398,0.8300291545189503
HyperTMO,No Balancing,PIK3CA,Gene,-0.0017055393586006718,0.8300291545189503
HyperTMO,No Balancing,NF1,Gene,-0.0011224489795919723,0.8300291545189503
HyperTMO,No Balancing,PIK3R1,Gene,0.0009766763848395698,0.8300291545189503
HyperTMO,No Balancing,FUBP1,Gene,0.0004373177842564968,0.8300291545189503
HyperTMO,No Balancing,RB1,Gene,-0.0009475218658893336,0.8300291545189503
HyperTMO,No Balancing,NOTCH1,Gene,-0.0006122448979592798,0.8300291545189503
HyperTMO,No Balancing,BCOR,Gene,0.001413994169096089,0.8300291545189503
HyperTMO,No Balancing,CSMD3,Gene,0.00020408163265294154,0.8300291545189503
HyperTMO,No Balancing,SMARCA4,Gene,0.001413994169096089,0.8300291545189503
HyperTMO,No Balancing,GRIN2A,Gene,-0.0005393586005832285,0.8300291545189503
HyperTMO,No Balancing,IDH2,Gene,2.915451895036947e-05,0.8300291545189503
HyperTMO,No Balancing,FAT4,Gene,-0.0005393586005832174,0.8300291545189503
HyperTMO,No Balancing,PDGFRA,Gene,-7.288629737619567e-05,0.8300291545189503
HyperTMO,No Balancing,Age_at_diagnosis,Clinical,0.3000145772594751,0.8300291545189503
HyperTMO,No Balancing,Gender,Clinical,0.0036588921282797783,0.8300291545189503
HyperTMO,No Balancing,Race,Clinical,0.009475218658892004,0.8300291545189503
HyperTMO,SMOTE,IDH1,Gene,0.013177842565597741,0.8282798833819243
HyperTMO,SMOTE,TP53,Gene,0.0011370262390671293,0.8282798833819243
HyperTMO,SMOTE,ATRX,Gene,0.001078717201166235,0.8282798833819243
HyperTMO,SMOTE,PTEN,Gene,0.0005539358600583743,0.8282798833819243
HyperTMO,SMOTE,EGFR,Gene,-0.0007871720116617742,0.8282798833819243
HyperTMO,SMOTE,CIC,Gene,-0.000626822157434348,0.8282798833819243
HyperTMO,SMOTE,MUC16,Gene,-0.002769679300291472,0.8282798833819243
HyperTMO,SMOTE,PIK3CA,Gene,-0.005247813411078661,0.8282798833819243
HyperTMO,SMOTE,NF1,Gene,-0.0032215743440232704,0.8282798833819243
HyperTMO,SMOTE,PIK3R1,Gene,0.002230320699708521,0.8282798833819243
HyperTMO,SMOTE,FUBP1,Gene,-4.3731778425626365e-05,0.8282798833819243
HyperTMO,SMOTE,RB1,Gene,-0.004460641399416832,0.8282798833819243
HyperTMO,SMOTE,NOTCH1,Gene,-0.0007142857142856896,0.8282798833819243
HyperTMO,SMOTE,BCOR,Gene,-0.0027113702623906112,0.8282798833819243
HyperTMO,SMOTE,CSMD3,Gene,-0.0013119533527696458,0.8282798833819243
HyperTMO,SMOTE,SMARCA4,Gene,-0.0005830903790087106,0.8282798833819243
HyperTMO,SMOTE,GRIN2A,Gene,-0.0017346938775509857,0.8282798833819243
HyperTMO,SMOTE,IDH2,Gene,-0.00023323615160345535,0.8282798833819243
HyperTMO,SMOTE,FAT4,Gene,-0.0009037900874635185,0.8282798833819243
HyperTMO,SMOTE,PDGFRA,Gene,-0.0006413994169095604,0.8282798833819243
HyperTMO,SMOTE,Age_at_diagnosis,Clinical,0.2993002915451896,0.8282798833819243
HyperTMO,SMOTE,Gender,Clinical,0.0028571428571429027,0.8282798833819243
HyperTMO,SMOTE,Race,Clinical,-4.373177842560416e-05,0.8282798833819243
HyperTMO,CTGAN,IDH1,Gene,0.012696793002915475,0.8271137026239067
HyperTMO,CTGAN,TP53,Gene,0.003411078717201177,0.8271137026239067
HyperTMO,CTGAN,ATRX,Gene,0.0003206997084548413,0.8271137026239067
HyperTMO,CTGAN,PTEN,Gene,0.005568513119533514,0.8271137026239067
HyperTMO,CTGAN,EGFR,Gene,0.003586005830903782,0.8271137026239067
HyperTMO,CTGAN,CIC,Gene,0.0032215743440233147,0.8271137026239067
HyperTMO,CTGAN,MUC16,Gene,0.00240524781341106,0.8271137026239067
HyperTMO,CTGAN,PIK3CA,Gene,-0.004110787172011676,0.8271137026239067
HyperTMO,CTGAN,NF1,Gene,0.00018950437317785118,0.8271137026239067
HyperTMO,CTGAN,PIK3R1,Gene,0.005758017492711376,0.8271137026239067
HyperTMO,CTGAN,FUBP1,Gene,0.0009183673469388087,0.8271137026239067
HyperTMO,CTGAN,RB1,Gene,-0.00276967930029155,0.8271137026239067
HyperTMO,CTGAN,NOTCH1,Gene,-0.0011953352769679126,0.8271137026239067
HyperTMO,CTGAN,BCOR,Gene,-0.001034985422740542,0.8271137026239067
HyperTMO,CTGAN,CSMD3,Gene,-0.0032361516034985272,0.8271137026239067
HyperTMO,CTGAN,SMARCA4,Gene,0.003075801749271112,0.8271137026239067
HyperTMO,CTGAN,GRIN2A,Gene,-0.0001603498542274373,0.8271137026239067
HyperTMO,CTGAN,IDH2,Gene,0.0010787172011661906,0.8271137026239067
HyperTMO,CTGAN,FAT4,Gene,-0.0015597667638484359,0.8271137026239067
HyperTMO,CTGAN,PDGFRA,Gene,-0.0027842565597667513,0.8271137026239067
HyperTMO,CTGAN,Age_at_diagnosis,Clinical,0.3060058309037901,0.8271137026239067
HyperTMO,CTGAN,Gender,Clinical,0.0003498542274052441,0.8271137026239067
HyperTMO,CTGAN,Race,Clinical,0.0016180758017492857,0.8271137026239067
HyperTMO,ROS,IDH1,Gene,0.01969387755102032,0.836734693877551
HyperTMO,ROS,TP53,Gene,0.007434402332361434,0.836734693877551
HyperTMO,ROS,ATRX,Gene,0.005758017492711276,0.836734693877551
HyperTMO,ROS,PTEN,Gene,0.005043731778425609,0.836734693877551
HyperTMO,ROS,EGFR,Gene,0.0036880466472302585,0.836734693877551
HyperTMO,ROS,CIC,Gene,0.002682215743440186,0.836734693877551
HyperTMO,ROS,MUC16,Gene,0.0007288629737608687,0.836734693877551
HyperTMO,ROS,PIK3CA,Gene,-0.0010932944606414808,0.836734693877551
HyperTMO,ROS,NF1,Gene,-0.0005247813411079716,0.836734693877551
HyperTMO,ROS,PIK3R1,Gene,0.0042419825072886105,0.836734693877551
HyperTMO,ROS,FUBP1,Gene,0.0008309037900874339,0.836734693877551
HyperTMO,ROS,RB1,Gene,-0.0021282798833820006,0.836734693877551
HyperTMO,ROS,NOTCH1,Gene,4.373177842563747e-05,0.836734693877551
HyperTMO,ROS,BCOR,Gene,-0.0001895043731778623,0.836734693877551
HyperTMO,ROS,CSMD3,Gene,0.00021865889212828725,0.836734693877551
HyperTMO,ROS,SMARCA4,Gene,0.00013119533527692351,0.836734693877551
HyperTMO,ROS,GRIN2A,Gene,-0.0003061224489796288,0.836734693877551
HyperTMO,ROS,IDH2,Gene,0.0005976676384839563,0.836734693877551
HyperTMO,ROS,FAT4,Gene,0.0008892128279882949,0.836734693877551
HyperTMO,ROS,PDGFRA,Gene,0.0008746355685131157,0.836734693877551
HyperTMO,ROS,Age_at_diagnosis,Clinical,0.3069825072886297,0.836734693877551
HyperTMO,ROS,Gender,Clinical,0.008841107871720044,0.836734693877551
HyperTMO,ROS,Race,Clinical,0.006472303206996999,0.836734693877551
RGCN,No Balancing,IDH1,Gene,0.005233236151603626,0.814723032069971
RGCN,No Balancing,TP53,Gene,0.002448979591836864,0.814723032069971
RGCN,No Balancing,ATRX,Gene,0.005845481049562817,0.814723032069971
RGCN,No Balancing,PTEN,Gene,0.0024052478134112044,0.814723032069971
RGCN,No Balancing,EGFR,Gene,-0.0010641399416908115,0.814723032069971
RGCN,No Balancing,CIC,Gene,0.003279883381924331,0.814723032069971
RGCN,No Balancing,MUC16,Gene,0.0021137026239068215,0.814723032069971
RGCN,No Balancing,PIK3CA,Gene,0.0033965014577260868,0.814723032069971
RGCN,No Balancing,NF1,Gene,0.001384839650145897,0.814723032069971
RGCN,No Balancing,PIK3R1,Gene,0.0009037900874636629,0.814723032069971
RGCN,No Balancing,FUBP1,Gene,-0.0005393586005830065,0.814723032069971
RGCN,No Balancing,RB1,Gene,-0.0018804664723030772,0.814723032069971
RGCN,No Balancing,NOTCH1,Gene,-0.0003061224489794512,0.814723032069971
RGCN,No Balancing,BCOR,Gene,-0.001763848396501322,0.814723032069971
RGCN,No Balancing,CSMD3,Gene,-0.00017492711370250546,0.814723032069971
RGCN,No Balancing,SMARCA4,Gene,-0.0003206997084546748,0.814723032069971
RGCN,No Balancing,GRIN2A,Gene,0.0014139941690963665,0.814723032069971
RGCN,No Balancing,IDH2,Gene,-0.000422740524781251,0.814723032069971
RGCN,No Balancing,FAT4,Gene,-1.4577259475090365e-05,0.814723032069971
RGCN,No Balancing,PDGFRA,Gene,-8.746355685119722e-05,0.814723032069971
RGCN,No Balancing,Age_at_diagnosis,Clinical,0.30568513119533547,0.814723032069971
RGCN,No Balancing,Gender,Clinical,0.009125364431486992,0.814723032069971
RGCN,No Balancing,Race,Clinical,0.015481049562682347,0.814723032069971
RGCN,SMOTE,IDH1,Gene,-0.0036734693877551127,0.8166180758017493
RGCN,SMOTE,TP53,Gene,-0.002696793002915421,0.8166180758017493
RGCN,SMOTE,ATRX,Gene,-0.005772594752186588,0.8166180758017493
RGCN,SMOTE,PTEN,Gene,-0.001793002915451891,0.8166180758017493
RGCN,SMOTE,EGFR,Gene,-0.0017201166180757955,0.8166180758017493
RGCN,SMOTE,CIC,Gene,-0.0003061224489795733,0.8166180758017493
RGCN,SMOTE,MUC16,Gene,-0.0043148688046646955,0.8166180758017493
RGCN,SMOTE,PIK3CA,Gene,0.0021428571428571686,0.8166180758017493
RGCN,SMOTE,NF1,Gene,-0.0022594752186588796,0.8166180758017493
RGCN,SMOTE,PIK3R1,Gene,-0.001457725947521893,0.8166180758017493
RGCN,SMOTE,FUBP1,Gene,-0.0001895043731778401,0.8166180758017493
RGCN,SMOTE,RB1,Gene,-0.0018950437317784119,0.8166180758017493
RGCN,SMOTE,NOTCH1,Gene,-0.00010204081632650964,0.8166180758017493
RGCN,SMOTE,BCOR,Gene,-0.002157434402332359,0.8166180758017493
RGCN,SMOTE,CSMD3,Gene,-0.0001603498542273596,0.8166180758017493
RGCN,SMOTE,SMARCA4,Gene,-0.004358600583090355,0.8166180758017493
RGCN,SMOTE,GRIN2A,Gene,-0.0026384839650145818,0.8166180758017493
RGCN,SMOTE,IDH2,Gene,-0.00026239067055390254,0.8166180758017493
RGCN,SMOTE,FAT4,Gene,-0.00023323615160345535,0.8166180758017493
RGCN,SMOTE,PDGFRA,Gene,-0.0008746355685131157,0.8166180758017493
RGCN,SMOTE,Age_at_diagnosis,Clinical,0.3129883381924198,0.8166180758017493
RGCN,SMOTE,Gender,Clinical,0.0002623906705539358,0.8166180758017493
RGCN,SMOTE,Race,Clinical,-0.007332361516034958,0.8166180758017493
RGCN,CTGAN,IDH1,Gene,-0.0007142857142856229,0.8243440233236152
RGCN,CTGAN,TP53,Gene,0.0015451895043732343,0.8243440233236152
RGCN,CTGAN,ATRX,Gene,-0.0013848396501457082,0.8243440233236152
RGCN,CTGAN,PTEN,Gene,0.0013848396501458305,0.8243440233236152
RGCN,CTGAN,EGFR,Gene,0.0015597667638485024,0.8243440233236152
RGCN,CTGAN,CIC,Gene,-0.00110787172011656,0.8243440233236152
RGCN,CTGAN,MUC16,Gene,0.002099125364431564,0.8243440233236152
RGCN,CTGAN,PIK3CA,Gene,0.0010932944606415252,0.8243440233236152
RGCN,CTGAN,NF1,Gene,0.0003206997084548857,0.8243440233236152
RGCN,CTGAN,PIK3R1,Gene,0.0014285714285715346,0.8243440233236152
RGCN,CTGAN,FUBP1,Gene,-0.00017492711370258317,0.8243440233236152
RGCN,CTGAN,RB1,Gene,0.0015451895043732567,0.8243440233236152
RGCN,CTGAN,NOTCH1,Gene,0.0010932944606414918,0.8243440233236152
RGCN,CTGAN,BCOR,Gene,0.0022448979591837338,0.8243440233236152
RGCN,CTGAN,CSMD3,Gene,0.0004664723032070661,0.8243440233236152
RGCN,CTGAN,SMARCA4,Gene,0.0010349854227405641,0.8243440233236152
RGCN,CTGAN,GRIN2A,Gene,0.0017784256559767232,0.8243440233236152
RGCN,CTGAN,IDH2,Gene,-5.8309037900827754e-05,0.8243440233236152
RGCN,CTGAN,FAT4,Gene,0.0012099125364431918,0.8243440233236152
RGCN,CTGAN,PDGFRA,Gene,0.0005102040816327147,0.8243440233236152
RGCN,CTGAN,Age_at_diagnosis,Clinical,0.3196355685131196,0.8243440233236152
RGCN,CTGAN,Gender,Clinical,0.0054956268221574844,0.8243440233236152
RGCN,CTGAN,Race,Clinical,0.005408163265306176,0.8243440233236152
RGCN,ROS,IDH1,Gene,-0.0027696793002916385,0.8212827988338192
RGCN,ROS,TP53,Gene,0.0006268221574342925,0.8212827988338192
RGCN,ROS,ATRX,Gene,0.0006705539358599855,0.8212827988338192
RGCN,ROS,PTEN,Gene,0.0020408163265305257,0.8212827988338192
RGCN,ROS,EGFR,Gene,0.002069970845480995,0.8212827988338192
RGCN,ROS,CIC,Gene,-0.0001603498542274706,0.8212827988338192
RGCN,ROS,MUC16,Gene,0.004212827988338108,0.8212827988338192
RGCN,ROS,PIK3CA,Gene,-0.002215743440233342,0.8212827988338192
RGCN,ROS,NF1,Gene,-0.0010495626822158433,0.8212827988338192
RGCN,ROS,PIK3R1,Gene,-0.005116618075801849,0.8212827988338192
RGCN,ROS,FUBP1,Gene,-0.000947521865889267,0.8212827988338192
RGCN,ROS,RB1,Gene,-0.004489795918367401,0.8212827988338192
RGCN,ROS,NOTCH1,Gene,-0.003206997084548169,0.8212827988338192
RGCN,ROS,BCOR,Gene,-0.004300291545189594,0.8212827988338192
RGCN,ROS,CSMD3,Gene,-0.005072886297376155,0.8212827988338192
RGCN,ROS,SMARCA4,Gene,-0.002113702623906766,0.8212827988338192
RGCN,ROS,GRIN2A,Gene,-0.002623906705539458,0.8212827988338192
RGCN,ROS,IDH2,Gene,-0.0001895043731778956,0.8212827988338192
RGCN,ROS,FAT4,Gene,-0.0056559766763848995,0.8212827988338192
RGCN,ROS,PDGFRA,Gene,-0.0042419825072887215,0.8212827988338192
RGCN,ROS,Age_at_diagnosis,Clinical,0.3188775510204081,0.8212827988338192
RGCN,ROS,Gender,Clinical,0.0014285714285713568,0.8212827988338192
RGCN,ROS,Race,Clinical,-0.002084548104956352,0.8212827988338192
VEGN,No Balancing,IDH1,Gene,0.24584548104956266,0.9065597667638484
VEGN,No Balancing,TP53,Gene,-0.0035568513119533353,0.9065597667638484
VEGN,No Balancing,ATRX,Gene,-0.0016472303206997107,0.9065597667638484
VEGN,No Balancing,PTEN,Gene,0.003688046647230314,0.9065597667638484
VEGN,No Balancing,EGFR,Gene,0.0052332361516035375,0.9065597667638484
VEGN,No Balancing,CIC,Gene,0.0011078717201166044,0.9065597667638484
VEGN,No Balancing,MUC16,Gene,-0.005991253644314865,0.9065597667638484
VEGN,No Balancing,PIK3CA,Gene,0.004708454810495666,0.9065597667638484
VEGN,No Balancing,NF1,Gene,-0.003746355685131175,0.9065597667638484
VEGN,No Balancing,PIK3R1,Gene,-0.00532069970845479,0.9065597667638484
VEGN,No Balancing,FUBP1,Gene,0.002274052478134103,0.9065597667638484
VEGN,No Balancing,RB1,Gene,0.0010787172011661795,0.9065597667638484
VEGN,No Balancing,NOTCH1,Gene,0.0077696793002915545,0.9065597667638484
VEGN,No Balancing,BCOR,Gene,-7.288629737607355e-05,0.9065597667638484
VEGN,No Balancing,CSMD3,Gene,0.0009912536443149155,0.9065597667638484
VEGN,No Balancing,SMARCA4,Gene,0.00023323615160353306,0.9065597667638484
VEGN,No Balancing,GRIN2A,Gene,0.002580174927113732,0.9065597667638484
VEGN,No Balancing,IDH2,Gene,0.005014577259475239,0.9065597667638484
VEGN,No Balancing,FAT4,Gene,-0.0003790087463556802,0.9065597667638484
VEGN,No Balancing,PDGFRA,Gene,-0.0005247813411078606,0.9065597667638484
VEGN,No Balancing,Age_at_diagnosis,Clinical,0.056865889212828015,0.9065597667638484
VEGN,No Balancing,Gender,Clinical,-0.0021428571428571018,0.9065597667638484
VEGN,No Balancing,Race,Clinical,0.005874635568513165,0.9065597667638484
VEGN,SMOTE,IDH1,Gene,0.2711516034985424,0.9208454810495628
VEGN,SMOTE,TP53,Gene,0.016982507288629812,0.9208454810495628
VEGN,SMOTE,ATRX,Gene,0.017609329446064213,0.9208454810495628
VEGN,SMOTE,PTEN,Gene,0.012551020408163338,0.9208454810495628
VEGN,SMOTE,EGFR,Gene,0.019037900874635617,0.9208454810495628
VEGN,SMOTE,CIC,Gene,0.00893586005830913,0.9208454810495628
VEGN,SMOTE,MUC16,Gene,-0.0032069970845480245,0.9208454810495628
VEGN,SMOTE,PIK3CA,Gene,0.00887755102040826,0.9208454810495628
VEGN,SMOTE,NF1,Gene,0.002361516034985511,0.9208454810495628
VEGN,SMOTE,PIK3R1,Gene,0.005481049562682283,0.9208454810495628
VEGN,SMOTE,FUBP1,Gene,0.003965014577259551,0.9208454810495628
VEGN,SMOTE,RB1,Gene,0.005131195335277039,0.9208454810495628
VEGN,SMOTE,NOTCH1,Gene,0.009008746355685205,0.9208454810495628
VEGN,SMOTE,BCOR,Gene,0.000626822157434459,0.9208454810495628
VEGN,SMOTE,CSMD3,Gene,0.002973760932944658,0.9208454810495628
VEGN,SMOTE,SMARCA4,Gene,0.0038483965014577738,0.9208454810495628
VEGN,SMOTE,GRIN2A,Gene,0.004723032069970911,0.9208454810495628
VEGN,SMOTE,IDH2,Gene,0.005247813411078772,0.9208454810495628
VEGN,SMOTE,FAT4,Gene,0.002259475218658935,0.9208454810495628
VEGN,SMOTE,PDGFRA,Gene,0.0023469387755102877,0.9208454810495628
VEGN,SMOTE,Age_at_diagnosis,Clinical,0.05989795918367354,0.9208454810495628
VEGN,SMOTE,Gender,Clinical,0.015962099125364494,0.9208454810495628
VEGN,SMOTE,Race,Clinical,0.004548104956268317,0.9208454810495628
VEGN,CTGAN,IDH1,Gene,0.13466472303206997,0.897667638483965
VEGN,CTGAN,TP53,Gene,0.002128279883381934,0.897667638483965
VEGN,CTGAN,ATRX,Gene,-0.0038775510204081764,0.897667638483965
VEGN,CTGAN,PTEN,Gene,0.011588921282798825,0.897667638483965
VEGN,CTGAN,EGFR,Gene,0.0048104956268221425,0.897667638483965
VEGN,CTGAN,CIC,Gene,0.00610787172011662,0.897667638483965
VEGN,CTGAN,MUC16,Gene,-0.00446064139941692,0.897667638483965
VEGN,CTGAN,PIK3CA,Gene,-0.0003498542274052441,0.897667638483965
VEGN,CTGAN,NF1,Gene,-0.0035276967930029214,0.897667638483965
VEGN,CTGAN,PIK3R1,Gene,-0.002055393586005827,0.897667638483965
VEGN,CTGAN,FUBP1,Gene,0.0002769679300291705,0.897667638483965
VEGN,CTGAN,RB1,Gene,-0.0019096209912536466,0.897667638483965
VEGN,CTGAN,NOTCH1,Gene,-0.0012390670553935723,0.897667638483965
VEGN,CTGAN,BCOR,Gene,-0.0030466472303207204,0.897667638483965
VEGN,CTGAN,CSMD3,Gene,-0.002434402332361518,0.897667638483965
VEGN,CTGAN,SMARCA4,Gene,-0.001530612244897922,0.897667638483965
VEGN,CTGAN,GRIN2A,Gene,0.0030903790087463577,0.897667638483965
VEGN,CTGAN,IDH2,Gene,0.002842565597667679,0.897667638483965
VEGN,CTGAN,FAT4,Gene,0.0018221574344023939,0.897667638483965
VEGN,CTGAN,PDGFRA,Gene,8.746355685134155e-05,0.897667638483965
VEGN,CTGAN,Age_at_diagnosis,Clinical,0.11511661807580173,0.897667638483965
VEGN,CTGAN,Gender,Clinical,-0.0008017492711370089,0.897667638483965
VEGN,CTGAN,Race,Clinical,0.002930029154518954,0.897667638483965
VEGN,ROS,IDH1,Gene,0.21790816326530607,0.9142857142857143
VEGN,ROS,TP53,Gene,0.005772594752186544,0.9142857142857143
VEGN,ROS,ATRX,Gene,0.002813411078717165,0.9142857142857143
VEGN,ROS,PTEN,Gene,0.015962099125364358,0.9142857142857143
VEGN,ROS,EGFR,Gene,0.007696793002915381,0.9142857142857143
VEGN,ROS,CIC,Gene,-0.0009329446064140434,0.9142857142857143
VEGN,ROS,MUC16,Gene,-0.0035568513119533796,0.9142857142857143
VEGN,ROS,PIK3CA,Gene,0.0010058309037900615,0.9142857142857143
VEGN,ROS,NF1,Gene,-0.0012390670553936388,0.9142857142857143
VEGN,ROS,PIK3R1,Gene,0.00011661807580171102,0.9142857142857143
VEGN,ROS,FUBP1,Gene,0.0010495626822157101,0.9142857142857143
VEGN,ROS,RB1,Gene,-0.002551020408163307,0.9142857142857143
VEGN,ROS,NOTCH1,Gene,0.0023323615160349533,0.9142857142857143
VEGN,ROS,BCOR,Gene,-0.0025072886297376586,0.9142857142857143
VEGN,ROS,CSMD3,Gene,0.0014431486880466028,0.9142857142857143
VEGN,ROS,SMARCA4,Gene,0.0010641399416909004,0.9142857142857143
VEGN,ROS,GRIN2A,Gene,0.0005393586005830508,0.9142857142857143
VEGN,ROS,IDH2,Gene,0.0012390670553935612,0.9142857142857143
VEGN,ROS,FAT4,Gene,-0.0003352769679300649,0.9142857142857143
VEGN,ROS,PDGFRA,Gene,-0.0008309037900875004,0.9142857142857143
VEGN,ROS,Age_at_diagnosis,Clinical,0.08501457725947517,0.9142857142857143
VEGN,ROS,Gender,Clinical,0.006005830903790021,0.9142857142857143
VEGN,ROS,Race,Clinical,0.000145772594752136,0.9142857142857143
FastHGTConv,No Balancing,IDH1,Gene,0.2324635568513119,0.925801749271137
FastHGTConv,No Balancing,TP53,Gene,0.012230320699708442,0.925801749271137
FastHGTConv,No Balancing,ATRX,Gene,-0.003381924198250752,0.925801749271137
FastHGTConv,No Balancing,PTEN,Gene,0.006311953352769651,0.925801749271137
FastHGTConv,No Balancing,EGFR,Gene,0.005699708454810481,0.925801749271137
FastHGTConv,No Balancing,CIC,Gene,0.0020335276967929916,0.925801749271137
FastHGTConv,No Balancing,MUC16,Gene,0.0008600583090378588,0.925801749271137
FastHGTConv,No Balancing,PIK3CA,Gene,0.011997084548104919,0.925801749271137
FastHGTConv,No Balancing,NF1,Gene,-0.0006413994169096382,0.925801749271137
FastHGTConv,No Balancing,PIK3R1,Gene,0.0007434402332361257,0.925801749271137
FastHGTConv,No Balancing,FUBP1,Gene,0.003338192419825048,0.925801749271137
FastHGTConv,No Balancing,RB1,Gene,0.0010495626822157101,0.925801749271137
FastHGTConv,No Balancing,NOTCH1,Gene,0.005160349854227387,0.925801749271137
FastHGTConv,No Balancing,BCOR,Gene,0.0013848396501456972,0.925801749271137
FastHGTConv,No Balancing,CSMD3,Gene,0.0010641399416908893,0.925801749271137
FastHGTConv,No Balancing,SMARCA4,Gene,0.0025510204081632183,0.925801749271137
FastHGTConv,No Balancing,GRIN2A,Gene,0.0011661807580174654,0.925801749271137
FastHGTConv,No Balancing,IDH2,Gene,0.004562682215743385,0.925801749271137
FastHGTConv,No Balancing,FAT4,Gene,0.0006705539358600188,0.925801749271137
FastHGTConv,No Balancing,PDGFRA,Gene,0.0008746355685131047,0.925801749271137
FastHGTConv,No Balancing,Age_at_diagnosis,Clinical,0.0816763848396501,0.925801749271137
FastHGTConv,No Balancing,Gender,Clinical,0.001297376093294411,0.925801749271137
FastHGTConv,No Balancing,Race,Clinical,0.0015597667638483914,0.925801749271137
FastHGTConv,SMOTE,IDH1,Gene,0.16623906705539362,0.8881924198250729
FastHGTConv,SMOTE,TP53,Gene,0.007128279883381938,0.8881924198250729
FastHGTConv,SMOTE,ATRX,Gene,0.006093294460641418,0.8881924198250729
FastHGTConv,SMOTE,PTEN,Gene,0.007580174927113714,0.8881924198250729
FastHGTConv,SMOTE,EGFR,Gene,0.007638483965014609,0.8881924198250729
FastHGTConv,SMOTE,CIC,Gene,0.005860058309037908,0.8881924198250729
FastHGTConv,SMOTE,MUC16,Gene,-0.004139941690962101,0.8881924198250729
FastHGTConv,SMOTE,PIK3CA,Gene,0.008790087463556862,0.8881924198250729
FastHGTConv,SMOTE,NF1,Gene,0.004533527696793005,0.8881924198250729
FastHGTConv,SMOTE,PIK3R1,Gene,0.0023906705539358695,0.8881924198250729
FastHGTConv,SMOTE,FUBP1,Gene,0.0020116618075802116,0.8881924198250729
FastHGTConv,SMOTE,RB1,Gene,-0.010262390670553989,0.8881924198250729
FastHGTConv,SMOTE,NOTCH1,Gene,0.009183673469387765,0.8881924198250729
FastHGTConv,SMOTE,BCOR,Gene,-0.008148688046647257,0.8881924198250729
FastHGTConv,SMOTE,CSMD3,Gene,0.0065451895043731724,0.8881924198250729
FastHGTConv,SMOTE,SMARCA4,Gene,0.0072594752186589066,0.8881924198250729
FastHGTConv,SMOTE,GRIN2A,Gene,0.00610787172011662,0.8881924198250729
FastHGTConv,SMOTE,IDH2,Gene,0.00501457725947525,0.8881924198250729
FastHGTConv,SMOTE,FAT4,Gene,0.0021720116618075824,0.8881924198250729
FastHGTConv,SMOTE,PDGFRA,Gene,0.00074344023323617,0.8881924198250729
FastHGTConv,SMOTE,Age_at_diagnosis,Clinical,0.17661807580174932,0.8881924198250729
FastHGTConv,SMOTE,Gender,Clinical,0.0065160349854227586,0.8881924198250729
FastHGTConv,SMOTE,Race,Clinical,0.0009620991253644795,0.8881924198250729
FastHGTConv,CTGAN,IDH1,Gene,0.07680758017492703,0.9115160349854227
FastHGTConv,CTGAN,TP53,Gene,0.0033236151603498023,0.9115160349854227
FastHGTConv,CTGAN,ATRX,Gene,-0.004533527696793105,0.9115160349854227
FastHGTConv,CTGAN,PTEN,Gene,0.006880466472303082,0.9115160349854227
FastHGTConv,CTGAN,EGFR,Gene,0.011268221574343928,0.9115160349854227
FastHGTConv,CTGAN,CIC,Gene,0.015262390670553827,0.9115160349854227
FastHGTConv,CTGAN,MUC16,Gene,-0.0008892128279884059,0.9115160349854227
FastHGTConv,CTGAN,PIK3CA,Gene,0.002128279883381834,0.9115160349854227
FastHGTConv,CTGAN,NF1,Gene,-0.002565597667638564,0.9115160349854227
FastHGTConv,CTGAN,PIK3R1,Gene,0.0017784256559765566,0.9115160349854227
FastHGTConv,CTGAN,FUBP1,Gene,0.0024635568513118765,0.9115160349854227
FastHGTConv,CTGAN,RB1,Gene,0.00014577259475206938,0.9115160349854227
FastHGTConv,CTGAN,NOTCH1,Gene,0.00061224489795908,0.9115160349854227
FastHGTConv,CTGAN,BCOR,Gene,-0.0021137026239068215,0.9115160349854227
FastHGTConv,CTGAN,CSMD3,Gene,0.0019825072886296424,0.9115160349854227
FastHGTConv,CTGAN,SMARCA4,Gene,0.0004956268221573357,0.9115160349854227
FastHGTConv,CTGAN,GRIN2A,Gene,-0.00023323615160357746,0.9115160349854227
FastHGTConv,CTGAN,IDH2,Gene,0.002055393586005716,0.9115160349854227
FastHGTConv,CTGAN,FAT4,Gene,0.0005976676384838898,0.9115160349854227
FastHGTConv,CTGAN,PDGFRA,Gene,0.00010204081632645413,0.9115160349854227
FastHGTConv,CTGAN,Age_at_diagnosis,Clinical,0.222274052478134,0.9115160349854227
FastHGTConv,CTGAN,Gender,Clinical,-0.0017784256559767342,0.9115160349854227
FastHGTConv,CTGAN,Race,Clinical,0.001734693877550908,0.9115160349854227
FastHGTConv,ROS,IDH1,Gene,0.2400291545189505,0.9259475218658892
FastHGTConv,ROS,TP53,Gene,0.007492711370262428,0.9259475218658892
FastHGTConv,ROS,ATRX,Gene,0.0030029154518950605,0.9259475218658892
FastHGTConv,ROS,PTEN,Gene,0.008877551020408204,0.9259475218658892
FastHGTConv,ROS,EGFR,Gene,0.003483965014577306,0.9259475218658892
FastHGTConv,ROS,CIC,Gene,0.0033819241982507853,0.9259475218658892
FastHGTConv,ROS,MUC16,Gene,0.0017638483965014661,0.9259475218658892
FastHGTConv,ROS,PIK3CA,Gene,0.007288629737609342,0.9259475218658892
FastHGTConv,ROS,NF1,Gene,0.0010495626822157988,0.9259475218658892
FastHGTConv,ROS,PIK3R1,Gene,0.006924198250728886,0.9259475218658892
FastHGTConv,ROS,FUBP1,Gene,0.004285714285714259,0.9259475218658892
FastHGTConv,ROS,RB1,Gene,0.00202623906705538,0.9259475218658892
FastHGTConv,ROS,NOTCH1,Gene,0.009431486880466522,0.9259475218658892
FastHGTConv,ROS,BCOR,Gene,0.00026239067055391365,0.9259475218658892
FastHGTConv,ROS,CSMD3,Gene,0.003381924198250752,0.9259475218658892
FastHGTConv,ROS,SMARCA4,Gene,-0.0011078717201166044,0.9259475218658892
FastHGTConv,ROS,GRIN2A,Gene,0.002609329446064157,0.9259475218658892
FastHGTConv,ROS,IDH2,Gene,0.00723032069970847,0.9259475218658892
FastHGTConv,ROS,FAT4,Gene,0.002638483965014615,0.9259475218658892
FastHGTConv,ROS,PDGFRA,Gene,0.001647230320699733,0.9259475218658892
FastHGTConv,ROS,Age_at_diagnosis,Clinical,0.11281341107871723,0.9259475218658892
FastHGTConv,ROS,Gender,Clinical,-8.746355685129714e-05,0.9259475218658892
FastHGTConv,ROS,Race,Clinical,0.0017784256559767232,0.9259475218658892
SGNN,No Balancing,IDH1,Gene,0.014212827988338205,0.8075801749271138
SGNN,No Balancing,TP53,Gene,0.008965014577259522,0.8075801749271138
SGNN,No Balancing,ATRX,Gene,-0.0002915451895043164,0.8075801749271138
SGNN,No Balancing,PTEN,Gene,-0.0069533527696792555,0.8075801749271138
SGNN,No Balancing,EGFR,Gene,-0.016341107871720096,0.8075801749271138
SGNN,No Balancing,CIC,Gene,0.0012682215743440861,0.8075801749271138
SGNN,No Balancing,MUC16,Gene,-0.004212827988338152,0.8075801749271138
SGNN,No Balancing,PIK3CA,Gene,-0.003731778425655907,0.8075801749271138
SGNN,No Balancing,NF1,Gene,-0.01469387755102033,0.8075801749271138
SGNN,No Balancing,PIK3R1,Gene,-0.007332361516034935,0.8075801749271138
SGNN,No Balancing,FUBP1,Gene,0.0017638483965014995,0.8075801749271138
SGNN,No Balancing,RB1,Gene,-0.006428571428571395,0.8075801749271138
SGNN,No Balancing,NOTCH1,Gene,-0.001763848396501444,0.8075801749271138
SGNN,No Balancing,BCOR,Gene,0.000174927113702672,0.8075801749271138
SGNN,No Balancing,CSMD3,Gene,-0.0024344023323614517,0.8075801749271138
SGNN,No Balancing,SMARCA4,Gene,0.003483965014577295,0.8075801749271138
SGNN,No Balancing,GRIN2A,Gene,-0.007973760932944551,0.8075801749271138
SGNN,No Balancing,IDH2,Gene,-0.0009620991253643796,0.8075801749271138
SGNN,No Balancing,FAT4,Gene,-0.004329446064139953,0.8075801749271138
SGNN,No Balancing,PDGFRA,Gene,-0.003309037900874612,0.8075801749271138
SGNN,No Balancing,Age_at_diagnosis,Clinical,0.2720699708454811,0.8075801749271138
SGNN,No Balancing,Gender,Clinical,0.008600583090379078,0.8075801749271138
SGNN,No Balancing,Race,Clinical,0.0045481049562682615,0.8075801749271138
SGNN,SMOTE,IDH1,Gene,-0.0001603498542274373,0.8074344023323615
SGNN,SMOTE,TP53,Gene,-0.015451895043731779,0.8074344023323615
SGNN,SMOTE,ATRX,Gene,-0.017040816326530615,0.8074344023323615
SGNN,SMOTE,PTEN,Gene,-0.015612244897959171,0.8074344023323615
SGNN,SMOTE,EGFR,Gene,-0.021880466472303194,0.8074344023323615
SGNN,SMOTE,CIC,Gene,-0.006632653061224458,0.8074344023323615
SGNN,SMOTE,MUC16,Gene,-0.011632653061224473,0.8074344023323615
SGNN,SMOTE,PIK3CA,Gene,-0.00883381924198251,0.8074344023323615
SGNN,SMOTE,NF1,Gene,-0.006224489795918364,0.8074344023323615
SGNN,SMOTE,PIK3R1,Gene,-0.007172011661807564,0.8074344023323615
SGNN,SMOTE,FUBP1,Gene,4.3731778425626365e-05,0.8074344023323615
SGNN,SMOTE,RB1,Gene,-0.0016472303206996775,0.8074344023323615
SGNN,SMOTE,NOTCH1,Gene,-0.0008163265306122547,0.8074344023323615
SGNN,SMOTE,BCOR,Gene,-8.746355685131934e-05,0.8074344023323615
SGNN,SMOTE,CSMD3,Gene,-0.0004956268221574355,0.8074344023323615
SGNN,SMOTE,SMARCA4,Gene,-0.006107871720116597,0.8074344023323615
SGNN,SMOTE,GRIN2A,Gene,-0.0010932944606413919,0.8074344023323615
SGNN,SMOTE,IDH2,Gene,-0.00021865889212826505,0.8074344023323615
SGNN,SMOTE,FAT4,Gene,0.0005539358600583077,0.8074344023323615
SGNN,SMOTE,PDGFRA,Gene,-0.0001749271137026498,0.8074344023323615
SGNN,SMOTE,Age_at_diagnosis,Clinical,0.255466472303207,0.8074344023323615
SGNN,SMOTE,Gender,Clinical,0.0026530612244898056,0.8074344023323615
SGNN,SMOTE,Race,Clinical,-0.0015014577259475192,0.8074344023323615
SGNN,CTGAN,IDH1,Gene,0.021720116618075724,0.8236151603498542
SGNN,CTGAN,TP53,Gene,0.0176967930029154,0.8236151603498542
SGNN,CTGAN,ATRX,Gene,0.005699708454810393,0.8236151603498542
SGNN,CTGAN,PTEN,Gene,0.0026530612244897054,0.8236151603498542
SGNN,CTGAN,EGFR,Gene,-0.00042274052478142866,0.8236151603498542
SGNN,CTGAN,CIC,Gene,0.013833819241982426,0.8236151603498542
SGNN,CTGAN,MUC16,Gene,0.0025364431486879723,0.8236151603498542
SGNN,CTGAN,PIK3CA,Gene,0.006180758017492627,0.8236151603498542
SGNN,CTGAN,NF1,Gene,0.0026967930029153874,0.8236151603498542
SGNN,CTGAN,PIK3R1,Gene,0.005845481049562573,0.8236151603498542
SGNN,CTGAN,FUBP1,Gene,0.0019679300291544632,0.8236151603498542
SGNN,CTGAN,RB1,Gene,0.010072886297376005,0.8236151603498542
SGNN,CTGAN,NOTCH1,Gene,0.002871720116618004,0.8236151603498542
SGNN,CTGAN,BCOR,Gene,0.012303206997084436,0.8236151603498542
SGNN,CTGAN,CSMD3,Gene,0.0005393586005830286,0.8236151603498542
SGNN,CTGAN,SMARCA4,Gene,0.015728862973760825,0.8236151603498542
SGNN,CTGAN,GRIN2A,Gene,0.005495626822157396,0.8236151603498542
SGNN,CTGAN,IDH2,Gene,-0.0020991253644315087,0.8236151603498542
SGNN,CTGAN,FAT4,Gene,0.0048979591836733945,0.8236151603498542
SGNN,CTGAN,PDGFRA,Gene,0.002930029154518854,0.8236151603498542
SGNN,CTGAN,Age_at_diagnosis,Clinical,0.28753644314868804,0.8236151603498542
SGNN,CTGAN,Gender,Clinical,0.0037026239067054377,0.8236151603498542
SGNN,CTGAN,Race,Clinical,0.007696793002915347,0.8236151603498542
SGNN,ROS,IDH1,Gene,0.006020408163265334,0.822594752186589
SGNN,ROS,TP53,Gene,0.0023760932944606682,0.822594752186589
SGNN,ROS,ATRX,Gene,-0.0022886297376092934,0.822594752186589
SGNN,ROS,PTEN,Gene,-0.005131195335276939,0.822594752186589
SGNN,ROS,EGFR,Gene,-0.012798833819241929,0.822594752186589
SGNN,ROS,CIC,Gene,-0.000962099125364424,0.822594752186589
SGNN,ROS,MUC16,Gene,-0.0008600583090379255,0.822594752186589
SGNN,ROS,PIK3CA,Gene,-0.0039504373177842835,0.822594752186589
SGNN,ROS,NF1,Gene,-0.002463556851311921,0.822594752186589
SGNN,ROS,PIK3R1,Gene,-0.0019970845481048992,0.822594752186589
SGNN,ROS,FUBP1,Gene,-0.000145772594752136,0.822594752186589
SGNN,ROS,RB1,Gene,0.0026822157434402637,0.822594752186589
SGNN,ROS,NOTCH1,Gene,-0.0007142857142856784,0.822594752186589
SGNN,ROS,BCOR,Gene,0.001034985422740542,0.822594752186589
SGNN,ROS,CSMD3,Gene,-0.002915451895043697,0.822594752186589
SGNN,ROS,SMARCA4,Gene,-0.0021574344023323365,0.822594752186589
SGNN,ROS,GRIN2A,Gene,0.000320699708454808,0.822594752186589
SGNN,ROS,IDH2,Gene,-0.0007288629737609131,0.822594752186589
SGNN,ROS,FAT4,Gene,-0.0011516034985422862,0.822594752186589
SGNN,ROS,PDGFRA,Gene,0.0006413994169096493,0.822594752186589
SGNN,ROS,Age_at_diagnosis,Clinical,0.285932944606414,0.822594752186589
SGNN,ROS,Gender,Clinical,0.0015451895043732233,0.822594752186589
SGNN,ROS,Race,Clinical,0.007930029154518969,0.822594752186589
